{"stats":{"minecraft:dropped":{"born_in_chaos_v1:dark_metal_armor_helmet":1},"minecraft:killed":{"luminousworld:crab":1},"minecraft:picked_up":{"born_in_chaos_v1:dark_metal_armor_helmet":1},"minecraft:custom":{"minecraft:jump":24,"minecraft:time_since_rest":12737,"minecraft:leave_game":1,"minecraft:damage_dealt":70,"minecraft:crouch_one_cm":219,"minecraft:deaths":1,"minecraft:sprint_one_cm":2422,"minecraft:play_time":17497,"minecraft:damage_taken":210,"minecraft:time_since_death":15136,"minecraft:walk_one_cm":4664,"minecraft:sneak_time":277,"minecraft:climb_one_cm":642,"minecraft:total_world_time":17497,"minecraft:mob_kills":1,"minecraft:drop":1,"minecraft:fall_one_cm":2861,"minecraft:fly_one_cm":147532},"minecraft:used":{"born_in_chaos_v1:darkwarblade":1,"born_in_chaos_v1:dark_metal_armor_helmet":1}},"DataVersion":3465}