{"stats":{"minecraft:dropped":{"born_in_chaos_v1:dark_metal_armor_helmet":1},"minecraft:picked_up":{"born_in_chaos_v1:dark_metal_armor_helmet":1},"minecraft:custom":{"minecraft:jump":9,"minecraft:time_since_rest":536,"minecraft:crouch_one_cm":185,"minecraft:deaths":1,"minecraft:sprint_one_cm":630,"minecraft:play_time":5296,"minecraft:damage_taken":130,"minecraft:time_since_death":2935,"minecraft:walk_one_cm":1517,"minecraft:sneak_time":43,"minecraft:climb_one_cm":626,"minecraft:total_world_time":5296,"minecraft:drop":1,"minecraft:fall_one_cm":1795,"minecraft:fly_one_cm":132058},"minecraft:used":{"born_in_chaos_v1:dark_metal_armor_helmet":1}},"DataVersion":3465}